id,project_name,job_name,workflow_name,step,labels
18,xnio/xnio,nio-impl-hotspot-11-macos-latest,XNIO CI,Run Tests,['macos-latest']
44,xnio/xnio,api-hotspot-11-macos-latest,XNIO CI,Run Tests,['macos-latest']
51,xnio/xnio,nio-impl-hotspot-8-macos-latest,XNIO CI,Run Tests,['macos-latest']
86,xnio/xnio,nio-impl-hotspot-11-windows-latest,XNIO CI,Run Tests,['windows-latest']
215,lukas-krecan/shedlock,build (17),CI,Build with Maven,['ubuntu-latest']
217,playframework/play1,Check / Tests -> JDK-11/ubuntu-latest,Pull Requests,Build with Ant,['ubuntu-latest']
258,apache/submarine,"unit (3.9, 2.6.0)",python-sdk,Run unit test,['ubuntu-latest']
264,apache/submarine,"unit (3.8, 2.6.0)",python-sdk,Run unit test,['ubuntu-latest']
339,ocpsoft/rewrite,"Integration tests (Java 17, Jakarta EE 10, Container PAYARA_MANAGED)",Maven,"Run ./mvnw -V --batch-mode -P PAYARA_MANAGED,EE10 verify",['ubuntu-latest']
343,ocpsoft/rewrite,"integration-test (18, WILDFLY_MANAGED)",Java CI with Maven,Run ./mvnw -V --batch-mode -P WILDFLY_MANAGED verify,['ubuntu-latest']
344,previousalone/nnngram,Gradle Build,Build CI,Prepare Environment,['ubuntu-latest']
377,jfrog/jfrog-idea-plugin,Python Tests on windows-latest,Test,Python Tests on windows-latest,['windows-latest']
430,wiremock/wiremock,"build (macos-latest, 17)",Build and test,Test WireMock,['macos-latest']
440,eclipse-vertx/vert.x,"Run tests (ubuntu-latest, 8, -PtestNativeTransport)",vertx-core (4.x),Run tests,['ubuntu-latest']
472,sqlancer/sqlancer,QPG Tests (Materialize),ci,Run Tests,['ubuntu-latest']
484,sqlancer/sqlancer,DBMS Tests (MariaDB),ci,Run Tests,['ubuntu-latest']
586,sqlancer/sqlancer,QPG Tests (Materialize),ci,Run Tests,['ubuntu-latest']
643,sqlancer/sqlancer,DBMS Tests (MariaDB),ci,Run Tests,['ubuntu-latest']
647,sqlancer/sqlancer,DBMS Tests (MariaDB),ci,Run Tests,['ubuntu-latest']
655,sqlancer/sqlancer,DBMS Tests (Citus),ci,Run Tests,['ubuntu-latest']
706,corretto/corretto-8,Update Corretto-8,Refresh from Upstream-dev,Merge Corretto-8,['ubuntu-latest']
720,hyperledger/fabric-chaincode-java,test / intergationtest,Pull request,Integration Tests,['ubuntu-latest']
828,spring-cloud/stream-applications,test,CI - Integration Tests,Action: Execute Integration Tests,['ubuntu-latest']
842,spring-cloud/stream-applications,build / processors (aggregator-processor),CI - Main,Build: aggregator-processor,['ubuntu-latest']
890,spring-cloud/stream-applications,build / sinks (kafka-sink),CI - Main,Build: kafka-sink,['ubuntu-latest']
926,kagkarlsson/db-scheduler,Temurin 11,build,Run all tests,['ubuntu-latest']
1000,ballerina-platform/module-ballerinax-prometheus,build,GraalVM Check,Run Ballerina build using the native executable,['ubuntu-latest']
1025,square/retrofit,jvm,build,Test,['ubuntu-latest']
1052,square/retrofit,android (24),build,Run Tests,['macos-latest']
1092,optyfr/jrommanager,build,Java CI with Gradle,Build with Gradle,['ubuntu-latest']
1103,jenkinsci/code-coverage-api-plugin,label,Enforce PR labels,Run mheap/github-action-required-labels@v5,['ubuntu-latest']
1118,jboss-modules/jboss-modules,adopt-openj9-windows-latest,JBoss Modules CI,Run Tests,['windows-latest']
1123,jboss-modules/jboss-modules,temurin-17-windows-latest,JBoss Modules CI,Run Tests,['windows-latest']
1148,apache/linkis,dead-links-check,Dead Link Check,Build gaurav-nelson/github-action-markdown-link-check@v1,['ubuntu-latest']
1161,banmanagement/banmanager,Java 8 - h2,Java CI,Validate Gradle wrapper,['ubuntu-latest']
1165,davidmoten/rxjava2-extras,build (8),ci,Build with Maven,['ubuntu-latest']
1237,unnamed/command-flow,build,Maven Package,Build with Maven,['ubuntu-latest']
1294,mybatis/jpetstore-6,"Test JDK 17, macOS-latest, resin",Container Support,Test with resin,['macOS-latest']
1395,mybatis/jpetstore-6,"Test JDK 11, ubuntu-latest",Java CI,Test with Maven,['ubuntu-latest']
1414,mybatis/jpetstore-6,"Test JDK 17, macOS-latest, liberty-ee8",Container Support,Test with liberty-ee8,['macOS-latest']
1463,mybatis/jpetstore-6,"Test JDK 17, windows-latest, tomcat85",Container Support,Test with tomcat85,['windows-latest']
1464,mybatis/jpetstore-6,"Test JDK 17, macOS-latest, glassfish4",Container Support,Test with glassfish4,['macOS-latest']
1638,spring-cloud/spring-cloud-deployer,build,CI PRs,Test Report,['ubuntu-latest']
1710,solana-mobile/mobile-wallet-adapter,test (28),Android CI,run tests,['macos-latest']
1742,googlecloudplatform/appengine-java-standard,"build (ubuntu-latest, 21, temurin)",CI with Maven,Build with Maven,['ubuntu-latest']
1764,dtprj/dongting,build,Java CI with Maven,Build with Maven,['ubuntu-latest']
1814,asterisk-java/asterisk-java,build (8),CI,Build,['ubuntu-latest']
1899,secuso/privacy-friendly-sudoku,Unit Tests,CI,Run unit tests,['ubuntu-20.04']
1942,teammates/teammates,"E2E-testing (ubuntu-latest, chrome)",E2E Tests (cross-browser),Start Tests,['ubuntu-latest']
2022,zalando/logbook,build,build,Test,['ubuntu-latest']
2056,apache/datafu,Analyze (java),CodeQL,Run gradle -b bootstrap.gradle,['ubuntu-latest']
2145,hibernate/hibernate-reactive,Test with CockroachDB,Hibernate Reactive CI,Build and Test with CockroachDB,['ubuntu-latest']
2184,openrewrite/rewrite,build / build,ci,build,['ubuntu-latest']
2212,apache/parquet-mr,"Build Parquet with JDK 8 and uncompressed,brotli",CI Hadoop 3,install,['ubuntu-latest']
2279,google/google-java-format,JDK 21 on windows-latest,CI,Install,['windows-latest']
2287,google/google-java-format,JDK 17 on ubuntu-latest,CI,Install,['ubuntu-latest']
2300,playframework/netty-reactive-streams,"build (17, ubuntu-latest)",CI,Build,['ubuntu-latest']
2318,apdevteam/movecraft,build,Java CI,Build with Maven,['ubuntu-latest']
2325,eclipse-cdt/cdt,Unit Test Results,Unit Test Results,Download Test Report,['ubuntu-20.04']
2387,graphql-java-kickstart/samples,"Test run (macos-latest, 11)",Pull request,Gradle Check (non-Windows),['macos-latest']
2415,apache/iceberg,"spark-3x-scala-2-13-tests (8, 3.4)",Spark CI,Run ./gradlew -DsparkVersions=3.4 -DscalaVersion=2.13 -DhiveVersions= -DflinkVersions= :iceberg-spark:iceberg-spark-3.4_2.13:check :iceberg-spark:iceberg-spark-extensions-3.4_2.13:check :iceberg-spark:iceberg-spark-runtime-3.4_2.13:check -Pquick=true -x javadoc,['ubuntu-22.04']
2587,ripmeapp2/ripme,"build (ubuntu-latest, 21)",CI + release,Build with Gradle,['ubuntu-latest']
2652,alipay/fury,Code Style Check,Fury CI,Check code style,['ubuntu-latest']
2712,idempiere/idempiere,Analyze java by sonar,CodeQL,Build and sonar analyze,['ubuntu-latest']
2714,idempiere/idempiere,Analyze java by code QL,CodeQL,Autobuild,['ubuntu-latest']
2759,dropwizard-jobs/dropwizard-jobs,Analyze (java),CodeQL,Autobuild,['ubuntu-latest']
2787,digital-preservation/droid,"Build and Test (macos-latest, 8)",CI,Maven Build,['macos-latest']
2845,anysoftkeyboard/anysoftkeyboard,third-party-update (gradle),third-party-update,Update,['ubuntu-22.04']
2885,apache/plc4x,"test (17, windows-latest)",Java Platform compatibility,Run mvnw,['windows-latest']
2996,junit-pioneer/junit-pioneer,SonarCloud analysis,Main build,Gradle build,['ubuntu-latest']
3050,pulumi/pulumi-gcp,upgrade-provider,Upgrade bridge,Call upgrade provider action,['pulumi-ubuntu-8core']
3175,bonitasoft/bonita-engine,Build,Build,Build and test,['ubuntu-latest']
3214,hashgraph/hedera-sdk-java,test,Build,Run Tests,['ubuntu-latest']
3267,zolyfarkas/spf4j,Analyze (java),CodeQL,Autobuild,['ubuntu-latest']
3279,awslabs/aws-advanced-jdbc-wrapper,remove-old-artifacts,Remove Old Artifacts,Remove Old Artifacts,['ubuntu-latest']
3411,dadoonet/fscrawler,it-es6,Build Pull Requests,Run the integration tests,['ubuntu-latest']
3421,gregtech-intergalactical/gregtech,build,GregTech Nightly,Build with Gradle,['ubuntu-latest']
3433,emichael/dslabs,Tests - Java version 20,Continuous Integration,Run make dependencies,['ubuntu-latest']
3490,testng-team/testng,"17, Adopt Hotspot, windows, America/New_York, tr_TR, stress JIT",Test,Test,['windows-latest']
3562,activiti/activiti,build,CI,Build and Test with Maven (and maybe Deploy),['ubuntu-latest']
3732,cavalab/srbench,build-and-test (mrgp),CI,Test Method,['ubuntu-latest']
3734,cavalab/srbench,build-and-test (taylorgp),CI,Run install.sh,['ubuntu-latest']
3751,cavalab/srbench,build-and-test (eql),CI,Test Method,['ubuntu-latest']
3844,googlemaps-samples/android-samples,dependabot,Dependabot,approve,['ubuntu-latest']
3864,rest-assured/rest-assured,"Test JDK 8, ubuntu-latest",Java CI,Verify with Maven,['ubuntu-latest']
3955,jbangdev/jbang,Analyze (java),CodeQL,Autobuild,['ubuntu-latest']
3973,mockito/mockito,"build (21, mock-maker-inline, member-accessor-reflection)",CI,8. Upload coverage report,['ubuntu-latest']
4009,hibernate/hibernate-search,Linux JDK 17,GitHub Actions Build,Building code and running unit tests and basic checks,['ubuntu-latest']
4040,java-native-access/jna,"Test JDK 8, macos-latest",Java CI,Build with Ant,['macos-latest']
4069,spotify/folsom,build (8.0.192),Build with Maven,Build with Maven,['ubuntu-latest']
4092,prometheus/client_java,build,Deploy Documentation to Github Pages,Make Javadoc,['ubuntu-latest']
4147,osiegmar/logback-gelf,build,build,Build with Gradle,['ubuntu-latest']
4165,stargate/stargate,"automated-api-tests (cassandra-311, docsapi-library)",Stargate Postman Collections,Run API test,['ubuntu-latest']
4169,stargate/stargate,"automated-api-tests (cassandra-40, docsapi-library)",Stargate Postman Collections,Run API test,['ubuntu-latest']
4172,stargate/stargate,"automated-api-tests (cassandra-311, docsapi-library)",Stargate Postman Collections,Run API test,['ubuntu-latest']
4185,jnr/jnr-unixsocket,jdk8,Java CI with Maven,Build with Maven,['ubuntu-latest']
4256,nroduit/weasis,Build,Build,Build and analyze,['ubuntu-latest']
4352,hakky54/certificate-ripper,code-quality-and-coverage-scan,Build,"Build, test and quality scan",['ubuntu-latest']
4367,tdlight-team/tdlight-java,"build (ubuntu-20.04, linux/amd64)",Maven Package,Build and deploy to Maven (Snapshot),['ubuntu-20.04']
4390,bonigarcia/selenium-webdriver-java,"tests (junit5-seljup, mvn, ubuntu-latest, 17)",build,Run junit5-seljup tests with Maven,['ubuntu-latest']
4405,killbill/killbill,ci / jdk-11 travis,ci,Run tests,['ubuntu-latest']
4416,adobe-consulting-services/acs-aem-commons,"Maven build (macOS-latest, JDK 17)",Java CI,Build cloud all package with Maven ,['macOS-latest']
4463,adobe-consulting-services/acs-aem-commons,"Maven build (windows-latest, JDK 8)",Java CI,Build cloud all package with Maven ,['windows-latest']
4586,adobe-consulting-services/acs-aem-commons,"Main  Maven build (ubuntu-latest, JDK 11)",Java CI,Main  Build with Maven,['ubuntu-latest']
4587,adobe-consulting-services/acs-aem-commons,"Maven build (macOS-latest, JDK 17)",Java CI,Build cloud all package with Maven ,['macOS-latest']
4671,crazy-marvin/morse,build,Android CI,Build with Gradle,['ubuntu-latest']
4750,undertow-io/undertow,JDK 17 - core - windows-latest,Undertow CI,Run Tests,['windows-latest']
4759,undertow-io/undertow,JDK 17 - core - macos-latest,Undertow CI,Run Tests,['macos-latest']
4785,undertow-io/undertow,JDK 11 - core - windows-latest,Undertow CI,Run Tests,['windows-latest']
4828,pulumi/pulumi-eks,Run Python Tests (FargatePy),Run Acceptance Tests from PR,Install pulumictl,['ubuntu-latest']
4843,pulumi/pulumi-eks,Run Python Tests (ClusterPy),Run Acceptance Tests from PR,Checkout Scripts Repo,['ubuntu-latest']
4882,pulumi/pulumi-eks,Run NodeJS Tests (MNG_withMissingRole),Run Acceptance Tests from PR,Configure AWS Credentials,['ubuntu-latest']
4941,guhdoy/tiebats,build,Android CI,Build with Gradle,['ubuntu-latest']
4993,davidmoten/subethasmtp,build (8),ci,Build with Maven,['ubuntu-latest']
4999,fasterxml/jackson-modules-base,"build (17, ubuntu-20.04)",Build and Deploy Snapshot,Build,['ubuntu-20.04']
5054,wso2/product-apim,"build (1, group1)",APIM builder,Build product-apim with Test.,['ubuntu-latest']
5080,linkedin/rest.li,Java 11 on ubuntu-latest,Build and Test,Run ./.github/scripts/build.sh,['ubuntu-latest']
5113,aws-containers/retail-store-sample-app,Kubernetes E2E Tests,E2E Test,Create k8s Kind Cluster,['ubuntu-latest']
5130,jitsi/jitsi,debian bullseye amd64,Installers,Import GPG key,['ubuntu-latest']
5147,fasterxml/woodstox,"build (11, ubuntu-20.04)",Build,Build,['ubuntu-20.04']
5172,apache/ratis,unit (misc),build-branch,Run ./dev-support/checks/unit.sh -Pmisc-tests,['ubuntu-20.04']
5197,apache/ratis,unit (misc),build-branch,Run ./dev-support/checks/unit.sh -Pmisc-tests,['ubuntu-20.04']
5309,jdi-testing/jdi-light,Tests on JDK (13),JDI auto-tests,Compile jdi code,['ubuntu-20.04']
5343,openliberty/ci.maven,"wlp 23.0.0.9, Java 11, Windows",Java CI with Maven,Run tests,['windows-latest']
5371,cuynu/vancedxmicrog,build,Debug APK Builder,Build project,['ubuntu-latest']
5406,tencent/apijson,build,pages build and deployment,Build with Jekyll,['ubuntu-latest']
5471,apache/calcite,Windows (JDK 17),CI,Test,['windows-latest']
5527,siavash79/aospmods,build,Make Canary Release,Telegram File Attachment,['ubuntu-latest']
5587,thomasdarimont/keycloak-project-example,e2e-tests,Acme e2e Test CI,Run cypress tests,['ubuntu-latest']
5646,alfresco/alfresco-community-repo,Remote-api - AppContext02TestSuite,Alfresco Community Repo CI,Run tests,['ubuntu-latest']
5649,alfresco/alfresco-community-repo,Repository - AppContext03TestSuite,Alfresco Community Repo CI,Run tests,['ubuntu-latest']
5669,alfresco/alfresco-community-repo,Repository - MariaDB 10.6 tests,Alfresco Community Repo CI,Run tests,['ubuntu-latest']
5702,googlecloudplatform/app-gradle-plugin,unit-tests (8),Unit Tests,Run tests,['ubuntu-latest']
5801,spotify/missinglink,Build/Test (17),Java CI,Set up job,['ubuntu-latest']
5810,fusionauth/fusionauth-jwt,build_and_test,Tests,Build and test with Maven,['ubuntu-latest']
5891,josm/josm,Java 8 on windows-latest,Java CI Test,Test with Ant,['windows-latest']
5969,rundeck/rundeck-cli,build-verify,CI Tests,Build with Gradle,['ubuntu-latest']
6006,foldright/cffu,test by multiply java versions,Strong CI,run integration test,['ubuntu-latest']
6015,graphql-java-kickstart/graphql-java-servlet,"Test run (windows-latest, 17)",Pull request,Gradle Check (Windows),['windows-latest']
6084,graphql-java-kickstart/graphql-java-servlet,"Test run (windows-latest, 15)",Pull request,Gradle Check (Windows),['windows-latest']
6094,graphql-java-kickstart/graphql-java-servlet,"Test run (macos-latest, 17)",Pull request,Gradle Check (non-Windows),['macos-latest']
6101,graphql-java-kickstart/graphql-java-servlet,"Test run (windows-latest, 19)",Pull request,Gradle Check (Windows),['windows-latest']
6257,libgdx/libgdx,fix-formatting,Fix formatting,Push formatting changes,['ubuntu-latest']
6296,TongchengOpenSource/smart-doc,build,Java CI with Maven,Update dependency graph,['ubuntu-latest']
6375,googleads/googleads-mobile-android-examples,Build (kotlin/admanager/AppOpenExample),Build Status,Validate projects,['ubuntu-latest']
6456,square/javapoet,build,build,"Run mvn --no-transfer-progress deploy --settings="".github/workflows/settings.xml"" -Dmaven.test.skip=true",['ubuntu-latest']
6490,eclipse/lemminx,build (ubuntu-latest),pr-verify,Run Tests on Linux,['ubuntu-latest']
6517,thulab/iot-benchmark,spotless-check,spotless-check,spotless-check,['ubuntu-latest']
6560,leifeld/dna,ubuntu-latest (oldrel-1),build,Run r-lib/actions/setup-r-dependencies@v2,['ubuntu-latest']
6568,leifeld/dna,ubuntu-latest (oldrel-1),build,Run r-lib/actions/setup-r-dependencies@v2,['ubuntu-latest']
6580,pharmgkb/pharmcat,Build project,Preprocessor CI,Run preprocessor tests,['ubuntu-latest']
6598,apache/storm,"build (ubuntu-latest, 17, External, false)",Java CI with Maven,Set up project dependencies,['ubuntu-latest']
6703,arextest/arex-agent-java,build-source (17),Build and Test,Build with Maven,['ubuntu-latest']
6781,faforever/downlords-faf-client,checks,Checks,Run Checks,['ubuntu-latest']
6782,faforever/downlords-faf-client,checks,Checks,Run Checks,['ubuntu-latest']
6784,faforever/downlords-faf-client,checks,Checks,Run Checks,['ubuntu-latest']
6874,wyt1215819315/autoplan,build,Maven Package,Build with Maven,['ubuntu-latest']
6929,steve-community/steve,"build (ubuntu-22.04, 17, mariadb:10.3)",build and run tests,Build with Maven,['ubuntu-22.04']
6957,steve-community/steve,"build (ubuntu-22.04, 11, mysql:8.0)",build and run tests,Build with Maven,['ubuntu-22.04']
6965,steve-community/steve,"build (ubuntu-20.04, 11, mariadb:10.3)",build and run tests,Build with Maven,['ubuntu-20.04']
7027,dlsc-software-consulting-gmbh/workbenchfx,Build,Build,Build and analyze,['ubuntu-latest']
7113,quarkusio/quarkus-images,"Build and Push images (mandrel builder images, quarkus-mandrel-builder-image)",Push Images to Quay,Build images,['ubuntu-latest']
7420,segler-alex/radiodroid,test (27),RadioDroid Instrumented Tests CI,Run instrumented tests on Android virtual device,['macos-latest']
7496,mybatis/mybatis-3,"Test JDK 11, ubuntu-latest",Java CI,Test with Maven,['ubuntu-latest']
7507,mybatis/mybatis-3,"Test JDK 11, windows-latest",Java CI,Test with Maven,['windows-latest']
7535,graphql-java/graphql-java,buildAndTest 17 (semeru) on windows-latest,PR Verify,Test,['windows-latest']
7562,wicketstuff/core,Java 17 Test,Test WicketStuff,Build & test (& deploy),['ubuntu-latest']
7586,nhirokinet/bluelineconsole,Android connectedCheck (22),Android connectedCheck,Android Emulator Runner,['macos-latest']
7606,tinylog-org/tinylog,Build with JDK 17,Build Repository,Build with Maven,['ubuntu-22.04']
7636,kohlschutter/junixsocket,Analyze (java),CodeQL,"Run echo ""Build junixsocket with Maven (no tests)""",['ubuntu-latest']
7675,gluonhq/scenebuilder,verify (ubuntu-latest),Scene Builder PR Verify,Setup Java,['ubuntu-latest']
7713,kcctl/kcctl,build (3.1),Build,Build,['ubuntu-latest']
7744,milvus-io/milvus-sdk-java,Build and test,Java CI with Maven,Build with Maven,['ubuntu-latest']
7746,milvus-io/milvus-sdk-java,Build and test,Java CI with Maven,Build with Maven,['ubuntu-latest']
7804,javaparser/javaparser,"maven_test (ubuntu-latest, 9)",Build and test (using maven),Test with Maven (incl. slow tests),['ubuntu-latest']
7817,javaparser/javaparser,"maven_test (ubuntu-latest, 10)",Build and test (using maven),Test with Maven (incl. slow tests),['ubuntu-latest']
7877,javaparser/javaparser,"maven_test (ubuntu-latest, 8)",Build and test (using maven),Test with Maven (incl. slow tests),['ubuntu-latest']
7884,javaparser/javaparser,"maven_test (ubuntu-latest, 9)",Build and test (using maven),Test with Maven (incl. slow tests),['ubuntu-latest']
7886,javaparser/javaparser,"maven_test (macos-latest, 8)",Build and test (using maven),Test with Maven (incl. slow tests),['macos-latest']
7921,javaparser/javaparser,"maven_test (macos-latest, 9)",Build and test (using maven),Test with Maven (incl. slow tests),['macos-latest']
7946,javaparser/javaparser,"maven_test (ubuntu-latest, 8)",Build and test (using maven),Test with Maven (incl. slow tests),['ubuntu-latest']
7980,javaparser/javaparser,"maven_test (macos-latest, 8)",Build and test (using maven),Test with Maven (incl. slow tests),['macos-latest']
8032,nordicsemiconductor/android-ble-library,deployAarsToNexus,Generate README.md and Deploy to Nexus,"Run echo ""***",['ubuntu-latest']
8096,spring-projects/spring-data-couchbase,Analyze (java),CodeQL,Autobuild,['ubuntu-latest']
8102,spring-projects/spring-data-couchbase,Analyze (java),CodeQL,Perform CodeQL Analysis,['ubuntu-latest']
8143,apache/mina,"Test JDK 17, macOS-latest",Java CI,Test with Maven,['macOS-latest']
8147,apache/mina,"Test JDK 8, macOS-latest",Java CI,Test with Maven,['macOS-latest']
8155,apache/mina,"Test JDK 20, macOS-latest",Java CI,Test with Maven,['macOS-latest']
8187,juansebestia/react-native-wifi-reborn,build,CI,Run npm ci,['ubuntu-latest']
8201,mybatis/migrations,"Test JDK 17, macos-latest",Java CI,Test with Maven,['macos-latest']
8268,dragonwell-project/dragonwell11,build_release_riscv_jdk,Dragonwell_11_build_test,Compile release mode riscv jdk,['ubuntu-latest']
8302,dragonwell-project/dragonwell11,macOS aarch64 (build debug),Pre-submit tests,Build,['macos-11']
8358,liferay/liferay-blade-samples,Yarn-Windows-JDK8,SF and Build Test,Build with Yarn,['windows-latest']
8396,lothrazar/cyclic,build,Build,build,['ubuntu-latest']
8443,googlecloudplatform/spring-cloud-gcp,renovate,Renovate Updates,Set up job,['ubuntu-latest']
8464,hpi-swa/trufflesqueak,jar ubuntu-20.04 + JDK21,Test TruffleSqueak,Build GraalVM with TruffleSqueak,['ubuntu-20.04']
8674,mapstruct/mapstruct-idea,IDEA 2022.2,CI,Test,['ubuntu-latest']
8677,mapstruct/mapstruct-idea,IDEA 2021.3,CI,Test,['ubuntu-latest']
8754,open-job/openjob,Analyze (java),CodeQL,Autobuild,['ubuntu-latest']
8809,usethesource/rascal,test-linux,Build and Deploy,Run Tests,['buildjet-4vcpu-ubuntu-2204']
8888,jenkinsci/gitlab-plugin,sync-project-branch,Sync project branch,Run git fetch --unshallow origin || git fetch origin,['ubuntu-latest']
8935,photonvision/photonvision,Photonlib - Build Docker - Aarch64,Build,Build PhotonLib,['ubuntu-22.04']
8982,xtclang/xvm,gradle (ubuntu-latest),Build and verify XTC project on push,Execute Gradle build,['ubuntu-latest']
9016,apache/dubbo,Integration Test on ubuntu-latest (JobId: 2),Build and Test Scheduled On 3.1,Run tests,['ubuntu-latest']
9147,apache/skywalking,"E2E test (Agent Golang, test/e2e-v2/cases/go/e2e.yaml)",CI,Download docker images,['ubuntu-latest']
9194,retrooper/packetevents,build,Gradle Package,Build with Gradle,['ubuntu-latest']
9224,gradle/gradle-profiler,Analyze (java),CodeQL,Autobuild,['ubuntu-latest']
9260,andreynovikov/trekarta,Analyze,CodeQL,Autobuild,['ubuntu-latest']
9266,andreynovikov/trekarta,Run Unit Tests,Android CI,Execute unit tests,['ubuntu-latest']
9290,airlift/airlift,"build (21, 21, true)",ci,Maven Tests,['ubuntu-latest']
9309,sap/cloud-security-services-integration-library,Security rating,Fosstars (Security),Build SAP/fosstars-rating-core-action@v1.10.0,['ubuntu-latest']
9329,wildmountainfarms/solarthing,build,Spotless Check,Spotless check,['ubuntu-latest']
9339,tlaplus/tlaplus,build,PullRequest builder TLA+,Smoke-test large tlaplus/examples models,['ubuntu-latest']
9352,googlecloudplatform/dataflowtemplates,Dataflow Templates Integration Tests,Java PR,Run Integration Tests,"['self-hosted', 'it']"
9354,googlecloudplatform/dataflowtemplates,Build,Java PR,Setup Environment,"['self-hosted', 'it']"
9399,shafthq/shaft_engine,build_release_and_deliver,Maven Central Continuous Delivery,Create GitHub Release,['ubuntu-22.04']
9471,eclipse-sw360/sw360,Build and Test,SW360 Build and Test,Build SW360,['ubuntu-latest']
9479,wso2/product-is,build,pr-builder-test,Run PR builder,['ubuntu-latest']
9529,chat2db/chat2db,"release (windows-latest, .exe)",Build Test Client,Enable TLS 1.0 and 1.1 in java.security,['windows-latest']
9544,flyway/flyway,"build (ubuntu-latest, 8)",Build Release Tags,Build with Maven,['ubuntu-latest']
9656,apache/maven,"build (windows-latest, 11)",Can Maven build itself,Build with Maven,['windows-latest']
9671,apache/maven,"build (windows-latest, 17)",Can Maven build itself,Build with Maven,['windows-latest']
9686,pig-mesh/pig,atomgit,__ä»£ç_,Run wearerequired/git-mirror-action@master,['ubuntu-latest']
9713,apache/freemarker,"build (windows-latest, 11)",Java CI,Run actions/setup-java@v3,['windows-latest']
9725,apache/freemarker,build,Ant+Ivy CI,Build with Ant and ivy,['ubuntu-latest']
9728,apache/freemarker,"build (macOS-latest, 8)",Java CI,Run actions/setup-java@v3,['macOS-latest']
9731,apache/freemarker,"build (macOS-latest, 8)",Java CI,Build with Maven,['macOS-latest']
9759,gtiwari333/spring-boot-web-application-sample,build,Java CI with Maven,Build with Maven,['ubuntu-latest']
9840,apache/eventmesh,"Build (macOS-latest, 11, go)",Continuous Integration,Build,['macOS-latest']
9846,apache/eventmesh,"Build (ubuntu-latest, 8, cpp)",Continuous Integration,Build C,['ubuntu-latest']
9875,amazon-ion/ion-java,"Detect Regression (nestedStruct,  write --mode AverageTime --forks 3 --warmups 2 --iterations 10 ...",Ion Java performance regression detector,Detect regression,['ubuntu-latest']
9885,amazon-ion/ion-java,"Detect Regression (nestedStruct,  read --mode AverageTime --forks 3 --warmups 2 --iterations 10 -...",Ion Java performance regression detector,Detect regression,['ubuntu-latest']
9886,amazon-ion/ion-java,"Detect Regression (sexp,  read --mode AverageTime --forks 3 --warmups 2 --iterations 10 --api str...",Ion Java performance regression detector,Detect regression,['ubuntu-latest']
9994,teamnewpipe/newpipeextractor,build-and-test,CI,Build and run Tests,['ubuntu-latest']
10165,consulo/consulo,build,jdk17,Build with Maven,['ubuntu-latest']
10238,phybros/servertap,build,build,Release,['ubuntu-latest']
10254,hyperledger/fabric-sdk-java,main / test (8),Scheduled build,Integration tests,['ubuntu-22.04']
10291,g3g4x5x6/ultimate-cube,Scan,Semgrep,Set up job,['ubuntu-latest']
10327,baidu/bifromq,build,Dev-Build,Build with Maven,['ubuntu-latest']
10344,hyperledger/fabric-gateway-java,scan,Security vulnerability scan,Scan,['ubuntu-22.04']
10354,hyperledger/fabric-gateway-java,scan,Security vulnerability scan,Scan,['ubuntu-22.04']
10390,redis/redis-om-spring,build (ubuntu-latest),Integration,Build,['ubuntu-latest']
10396,mybatis/mybatis-dynamic-sql,"Test JDK 11, ubuntu-latest",Java CI,Test with Maven,['ubuntu-latest']
10444,unleash/unleash-client-java,build (17),.github/workflows/pull_requests.yml,"Build, test, coverage",['ubuntu-latest']
10513,groovy/gmavenplus,ci (2.5.23),GitHub CI,full test,['ubuntu-latest']
10586,grimsi/gameyfin,"Build, Test & Scan",Gameyfin CI Pipeline,Build and analyze,['ubuntu-latest']
10857,dragonwell-project/dragonwell17,macOS x64 (build release),Pre-submit tests,Build,['macos-11']
10928,jonashackt/spring-boot-vuejs,build (17),build,Run mvn -B install --no-transfer-progress,['ubuntu-latest']
10941,jonashackt/spring-boot-vuejs,build (8.0.192),build,Run mvn -B install --no-transfer-progress,['ubuntu-latest']
10965,jonashackt/spring-boot-vuejs,build (8),build,Run mvn -B install --no-transfer-progress,['ubuntu-latest']
11006,casid/jte,"build (17, macOS-latest)",Test all JDKs on all OSes,Run all the Gradle Plugin tests,['macOS-latest']
11010,casid/jte,"build (17, ubuntu-latest)",Test all JDKs on all OSes,Run all the Gradle Plugin tests,['ubuntu-latest']
11027,kafka-ops/julie,Build rpm/deb packages (using maven),Nightly Builds,Publish package,['ubuntu-latest']
11040,kafka-ops/julie,Build rpm/deb packages (using maven),Nightly Builds,Publish package,['ubuntu-latest']
11045,kafka-ops/julie,Build rpm/deb packages (using maven),Nightly Builds,Publish package,['ubuntu-latest']
11048,kafka-ops/julie,Build rpm/deb packages (using maven),Nightly Builds,Publish package,['ubuntu-latest']
11100,fabricmc/fabric-loom,"run_tests (8.3.0-jdk17, net.fabricmc.loom.test.integration.MultiMcVersionTest)",Run Tests,"Run gradle printActionsTestName --name=""net.fabricmc.loom.test.integration.MultiMcVersionTest"" test --tests net.fabricmc.loom.test.integration.MultiMcVersionTest --stacktrace --warning-mode fail",['ubuntu-22.04']
11176,auties00/cobalt,build,Java CI with Maven,Build with Maven,['ubuntu-latest']
11179,auties00/cobalt,build,Java CI with Maven,Build with Maven,['ubuntu-latest']
11232,mapstruct/mapstruct,Mac OS,CI,Test,['macos-latest']
11273,vazkiimods/quark,build,Java CI,Build with Gradle,['ubuntu-latest']
11330,indy256/codelibrary,build-ubuntu-clang,C++ CI,compile,['ubuntu-latest']
11348,yegor256/cactoos,sonar,sonar,Run actions/setup-java@v3,['ubuntu-22.04']
11359,apache/incubator-hugegraph,"build (cassandra, 11)",hugegraph-ci,Run core test,['ubuntu-20.04']
11394,jetbrains/jetbrainsruntime,windows-aarch64 / build (release),OpenJDK GHA Sanity Checks,Install toolchain and dependencies,['windows-2019']
11407,jetbrains/jetbrainsruntime,linux-x64-hs-minimal / build (debug),OpenJDK GHA Sanity Checks,Build,['ubuntu-22.04']
11416,jetbrains/jetbrainsruntime,windows-x64 / build (release),OpenJDK GHA Sanity Checks,Install toolchain and dependencies,['windows-2019']
11449,jetbrains/jetbrainsruntime,linux-x64-hs-minimal / build (debug),OpenJDK GHA Sanity Checks,Install toolchain and dependencies,['ubuntu-20.04']
11456,jetbrains/jetbrainsruntime,linux-x64 / build (release),OpenJDK GHA Sanity Checks,Install toolchain and dependencies,['ubuntu-20.04']
11462,jetbrains/jetbrainsruntime,linux-x64-hs-zero / build (debug),OpenJDK GHA Sanity Checks,Install toolchain and dependencies,['ubuntu-20.04']
11481,jetbrains/jetbrainsruntime,windows-aarch64 / build (debug),OpenJDK GHA Sanity Checks,Install toolchain and dependencies,['windows-2019']
11629,mehvahdjukaar/supplementaries,build,pages build and deployment,Build with Jekyll,['ubuntu-latest']
11707,wolpi/prim-ftpd,build,Java CI with Gradle,Build with Gradle,['ubuntu-latest']
11755,skjolber/3d-bin-container-packing,build (ubuntu-latest),SonarCloud  QA,Build with Maven,['ubuntu-latest']
11768,alexprogrammerde/serverwrecker,build,Java CI with Gradle,Build with Gradle,['ubuntu-latest']
11770,alexprogrammerde/serverwrecker,build,Java CI with Gradle,Build with Gradle,['ubuntu-latest']
11776,alexprogrammerde/serverwrecker,build,Java CI with Gradle,Build with Gradle,['ubuntu-latest']
11796,debezium/debezium,Spanner - Java 20,Java Quality Outreach,Setup OpenJDK,['ubuntu-latest']
11816,debezium/debezium,Testing - Java 20,Java Quality Outreach,Setup OpenJDK,['ubuntu-latest']
11841,mingyang66/spring-parent,Analyze (java),CodeQL,Autobuild,['ubuntu-latest']
11887,resteasy/resteasy-examples,"build (ubuntu-latest, 11)",Java CI with Maven,Build with Maven - ubuntu-latest - JDK 11,['ubuntu-latest']
11910,apache/cassandra-java-driver,scan-repo,Dependency and License Scan,Scan for dependencies and licenses,['ubuntu-latest']
11924,apache/cassandra-java-driver,scan-repo,Dependency and License Scan,Scan for dependencies and licenses,['ubuntu-latest']
11929,apache/cassandra-java-driver,scan-repo,Dependency and License Scan,Scan for dependencies and licenses,['ubuntu-latest']
12015,expediagroup/waggle-dance,"CodeQL-Build (3.9.2, 8)",Code scanning - action,Maven Verify,['ubuntu-22.04']
12052,apache/rocketmq-clients,calculate-coverage,Rust Coverage,Upload to codecov.io,['ubuntu-latest']
12085,kosmx/emotes,Analyze (java),CodeQL,Autobuild,['ubuntu-latest']
12165,dekorateio/dekorate,"Tekton Build (v1.22.2, v0.47.0)",Integration Tests (docker.io),Install Tekton,['ubuntu-latest']
12250,urlaubsverwaltung/urlaubsverwaltung,build and analyse,Build,Build,['ubuntu-22.04']
12263,apache/dubbo-admin,build (11),CI,Build with Maven,['ubuntu-latest']
12265,apache/dubbo-admin,build,Integration,Run integration test,['ubuntu-latest']
12282,apache/dubbo-admin,build (8),CI,Build with Maven,['ubuntu-latest']
12286,apache/dubbo-admin,build (8),CI,Build with Maven,['ubuntu-latest']
12341,bytedeco/javacpp-presets,linux-x86_64,ffmpeg,Run bytedeco/javacpp-presets/.github/actions/deploy-ubuntu@actions,['ubuntu-20.04']
12345,bytedeco/javacpp-presets,macosx-arm64 (-gpl),ffmpeg,Run bytedeco/javacpp-presets/.github/actions/deploy-macosx@actions,['macos-11']
12356,bytedeco/javacpp-presets,macosx-x86_64 (-gpl),ffmpeg,Run bytedeco/javacpp-presets/.github/actions/deploy-macosx@actions,['macos-11']
12367,bytedeco/javacpp-presets,macosx-x86_64,arpack-ng,Run bytedeco/javacpp-presets/.github/actions/deploy-macosx@actions,['macos-11']
12438,eclipse-ee4j/mojarra,"build (17, ubuntu-latest)",build,Build with Maven,['ubuntu-latest']
12557,apache/dubbo-samples,"Integration Test (Java11, Job2)",Dubbo 3.2,Run tests,['ubuntu-latest']
12571,apache/dubbo-samples,"Integration Test (Java21, Job1)",Dubbo 3.2,Run tests,['ubuntu-latest']
12590,apache/dubbo-samples,Test Result (Java17),Dubbo 3.2,Merge test result - java 17,['ubuntu-latest']
12642,appium/appium-uiautomator2-server,"test (5.1, 22, default)",Functional Tests,e2e_api22,['macos-latest']
12732,intoolswetrust/jd-cli,build,Java CI,Build with Maven,['ubuntu-latest']
12749,rnmapbox/maps,Android/Mapbox11 / build_example,CI,Run ./gradlew assemble,['ubuntu-latest']
12753,rnmapbox/maps,Android/Mapbox11 / build_example,CI,Run ./gradlew assemble,['ubuntu-latest']
12799,qoomon/maven-git-versioning-extension,build,Build,Test with Maven,['ubuntu-latest']
12805,pxb1988/dex2jar,build,Java CI with Gradle,Build dex-tools with Gradle,['ubuntu-latest']
12831,peergos/peergos,build (windows-latest),Java CI,Run tests,['windows-latest']
12895,openmf/mobile-wallet,PMD,Mobile-Wallet CI[Master/Dev],PMD Check[Core],['ubuntu-latest']
12903,openmf/mobile-wallet,StaticAnalysis,Mobile-Wallet CI[Master/Dev],Static Analysis[Core],['ubuntu-latest']
12959,openmf/mobile-wallet,StaticAnalysis,Mobile-Wallet CI[Master/Dev],Static Analysis[Core],['ubuntu-latest']
12962,openmf/mobile-wallet,Build APK,Mobile-Wallet CI[Master/Dev],Build with Gradle,['ubuntu-latest']
12973,openmf/mobile-wallet,StaticAnalysis,Mobile-Wallet CI[Master/Dev],Static Analysis[Core],['ubuntu-latest']
13057,netty/netty,linux-riscv64-verify-native,Build PR,Run commands,['ubuntu-20.04']
13061,netty/netty,Analyze (cpp),CodeQL,Compile project,['ubuntu-latest']
13067,mirkosertic/bytecoder,build_wasm_backend (11),Pull Request,Run mvn --no-transfer-progress --batch-mode verify -P wasmtestsonly,['ubuntu-20.04']
13080,mirkosertic/bytecoder,build_jvm (11),Pull Request,Run mvn --no-transfer-progress --batch-mode verify -P jvmtestsonly,['ubuntu-20.04']
13091,mirkosertic/bytecoder,build_wasm_backend (8),Pull Request,Run mvn --no-transfer-progress --batch-mode verify -P wasmtestsonly,['ubuntu-20.04']
13111,google/j2cl,"build (samples, ubuntu-latest)",CI,Run samples tests,['ubuntu-latest']
13173,uyuni-project/uyuni,test-uyuni (2) / test-uyuni,acceptance-tests-secondary-parallel,run_cucumber_core,['ubuntu-22.04']
13189,apache/curator,Required,CI,Guardian,['ubuntu-latest']
13215,tugraph-family/tugraph-analytics,build,Java CI with Maven,Build and Test,['ubuntu-latest']
13221,theokanning/openai-java,compile,Compile,Compile,['ubuntu-latest']
13246,grimanticheat/grim,Analyze (java),CodeQL,Autobuild,['ubuntu-latest']
13272,apache/flink,build-documentation (release-1.18),Build documentation,Build documentation,['ubuntu-latest']
13299,countly/countly-sdk-android,Analyze (cpp),CodeQL,Autobuild,['ubuntu-latest']
13335,jdbi/jdbi,"ci (17, temurin)",CI Build with tests,run tests,['ubuntu-latest']
13399,jpos/jpos,run-lint,Lint Code Base,Lint Code Base,['ubuntu-latest']
13402,jpos/jpos,run-lint,Lint Code Base,Lint Code Base,['ubuntu-latest']
13403,jpos/jpos,"build (21, ubuntu-latest)",Run jPOS Tests,Assemble,['ubuntu-latest']
13417,cc-tweaked/cc-tweaked,Test on macOS,Build,Run tests,['macos-latest']
13520,jfrog/jenkins-artifactory-plugin,create-fix-pull-requests (master),Frogbot Scan and Fix,Run jfrog/frogbot@v2,['ubuntu-latest']
13559,ballerina-platform/module-ballerinax-mongodb,Run Connector Build Workflow / Build,CI,Build the Package,['ubuntu-latest']
13583,izpack/izpack,"build (8, ubuntu-latest)",CI,Running Maven GUI tests,['ubuntu-latest']
13586,izpack/izpack,"build (8, ubuntu-latest)",CI,Running Maven GUI tests,['ubuntu-latest']
13614,streamnative/kop,Unit Test (security_test),kop tests,Build with Maven skipTests,['ubuntu-latest']
13639,streamnative/kop,Unit Test (producer_test),kop tests,Build with Maven skipTests,['ubuntu-latest']
13640,streamnative/kop,Unit Test (format_test),kop tests,Build with Maven skipTests,['ubuntu-latest']
13646,streamnative/kop,Unit Test (end_to_end_test),kop tests,Build with Maven skipTests,['ubuntu-latest']
13765,tonivade/claudb,build,Java CI with Gradle,Codacy Coverage Reporter,['ubuntu-latest']
13811,arakoodev/edgechains,formatting,Prettier JS,Run Prettiers,['ubuntu-latest']
13888,vaadin/platform,run,SBOM,Generate And Check SBOM,['ubuntu-latest']
13944,remkop/picocli,"build-java-6-7 (6, ubuntu-latest)",Build,Build,['ubuntu-latest']
13951,remkop/picocli,"build-java-8-plus (15, ubuntu-latest)",Build,Build,['ubuntu-latest']
14016,schemacrawler/schemacrawler,"Build, run single-threaded database integration tests (8)",Single-Threaded Database Integration Tests,Build and run database integration tests,['ubuntu-latest']
14035,certcc/kaiju,"Run Tests on Push or PR (ubuntu-latest, 10.3.2)",Run Tests on Push or PR,Run tests with Gradle,['ubuntu-latest']
14181,alibaba/jetcache,build,Java CI with Maven,Build without coveralls report,['ubuntu-latest']
14281,nitorcreations/nflow,build-and-test-nflow-explorer-ng,Build and test,Run build and unit tests,['ubuntu-latest']
14394,micromata/projectforge,build,Java CI with Maven,Build with Maven,['ubuntu-latest']
14400,stratospheric-dev/stratospheric,Build and publish Todo App,04 - Publish Todo-App,Build application,['ubuntu-20.04']
14406,bioinformatics-ua/dicoogle,build (latest),Build Webapp with Node.js,Check & build webapp,['ubuntu-latest']
14450,line/armeria,upload-build-cache (windows-latest),Upload artifacts to ge.armeria.dev,Build with Gradle,['windows-latest']
14466,line/armeria,build-self-hosted-jdk-17-leak,CI,Build with Gradle,['self-hosted']
14508,agronick/aa-torque,build_deploy,ci,Bump version,['ubuntu-latest']
14577,ballerina-platform/module-ballerinax-aws.lambda,build,Ballerinax AWS Lambda Build,Build with Maven,['ubuntu-latest']
14590,iportalteam/immersiveportalsmod,build,Gradle Package,Run eskatos/gradle-command-action@v1,['ubuntu-latest']
14607,jnr/jnr-ffi,"mvn-test-x86 (ubuntu-latest, 11)",Java CI with Maven,Build with Maven,['ubuntu-latest']
14704,ballerina-platform/module-ballerina-protobuf,fossa-scan,Fossa Scan,Run fossas/fossa-action@main,['ubuntu-latest']
14784,saml-toolkits/java-saml,Java 11 (ubuntu-latest),java-saml CI with Maven,Maven Test,['ubuntu-latest']
14788,saml-toolkits/java-saml,Java 11 (ubuntu-latest),java-saml CI with Maven,Maven Test,['ubuntu-latest']
14822,polardb/polardbx-sql,DDL_TEST,DML_DDL_Test,Deploy PolarDB-X Cluster,['ubuntu-latest']
14834,netcentric/accesscontroltool,"build (ubuntu-latest, 11)",Java CI,Build and Analyse with Maven,['ubuntu-latest']
14845,netcentric/accesscontroltool,"build (macOS-latest, 8)",Java CI,Build with Maven,['macOS-latest']
14855,braintree/braintree-android-drop-in,Unit Tests,Tests,Unit Tests,['ubuntu-latest']
15172,hantsy/spring-microservice-sample,build,Java CI with Maven,Build with Maven,['ubuntu-latest']
15182,hantsy/spring-microservice-sample,build,Java CI with Maven,Build with Maven,['ubuntu-latest']
15194,jmonkeyengine/jmonkeyengine,Build on linux jdk17,Build jMonkeyEngine,Build Engine,['ubuntu-latest']
15215,jmonkeyengine/jmonkeyengine,Build on mac jdk17,Build jMonkeyEngine,Validate the Gradle wrapper,['macOS-latest']
15222,jmonkeyengine/jmonkeyengine,Build on mac jdk17,Build jMonkeyEngine,Build Engine,['macOS-latest']
15224,jmonkeyengine/jmonkeyengine,Build on windows jdk8,Build jMonkeyEngine,Build Engine,['windows-2019']
15230,jmonkeyengine/jmonkeyengine,Build on windows jdk17,Build jMonkeyEngine,Build Engine,['windows-2019']
15263,resteasy/resteasy,"build (ubuntu-latest, 21)",Build and Test RESTEasy,Build with Maven Java 21 - ubuntu-latest,['ubuntu-latest']
15290,intoolswetrust/jsignpdf,build,Java CI,Build with Maven,['ubuntu-latest']
15315,scalar-labs/scalardb,Docker,CI,Run Trivy vulnerability scanner for Scalar DB Server,['ubuntu-latest']
15347,apache/shardingsphere-elasticjob,Check - Spotless,Required - Check,Run Spotless,['ubuntu-latest']
